-- --------------------------------------------------------
-- 主机:                           192.168.1.200
-- 服务器版本:                        10.1.19-MariaDB - mariadb.org binary distribution
-- 服务器操作系统:                      Win32
-- HeidiSQL 版本:                  9.5.0.5196
-- --------------------------------------------------------

/*!40101 SET @OLD_CHARACTER_SET_CLIENT=@@CHARACTER_SET_CLIENT */;
/*!40101 SET NAMES utf8 */;
/*!50503 SET NAMES utf8mb4 */;
/*!40014 SET @OLD_FOREIGN_KEY_CHECKS=@@FOREIGN_KEY_CHECKS, FOREIGN_KEY_CHECKS=0 */;
/*!40101 SET @OLD_SQL_MODE=@@SQL_MODE, SQL_MODE='NO_AUTO_VALUE_ON_ZERO' */;


-- 导出 outofstorage 的数据库结构
CREATE DATABASE IF NOT EXISTS `outofstorage` /*!40100 DEFAULT CHARACTER SET utf8 */;
USE `outofstorage`;

-- 导出  表 outofstorage.input 结构
CREATE TABLE IF NOT EXISTS `input` (
  `sid` int(11) NOT NULL AUTO_INCREMENT COMMENT '商品id',
  `sname` varchar(50) NOT NULL COMMENT '品名',
  `size` varchar(50) NOT NULL COMMENT '规格型号',
  `unit` char(50) NOT NULL COMMENT '单位',
  `price` decimal(10,2) NOT NULL COMMENT '单价',
  `num` int(11) NOT NULL COMMENT '数量',
  `prices` decimal(10,2) NOT NULL COMMENT '总金额',
  `oid` char(50) NOT NULL COMMENT '订单id',
  PRIMARY KEY (`sid`),
  KEY `sname` (`sname`),
  KEY `oid` (`oid`)
) ENGINE=InnoDB AUTO_INCREMENT=102 DEFAULT CHARSET=utf8 COMMENT='入库表';

-- 正在导出表  outofstorage.input 的数据：~97 rows (大约)
/*!40000 ALTER TABLE `input` DISABLE KEYS */;
INSERT INTO `input` (`sid`, `sname`, `size`, `unit`, `price`, `num`, `prices`, `oid`) VALUES
	(1, '电视机', '海信T60', '台', 6000.00, 2, 12000.00, 'RK84481515984421403'),
	(2, '中性笔', '齐心', '支', 1.50, 100, 150.00, 'RK84481515984421403'),
	(3, '电视机', '海信T60', '台', 6000.00, 2, 12000.00, 'RK88411515984423666'),
	(4, '中性笔', '齐心', '支', 1.50, 100, 150.00, 'RK88411515984423666'),
	(5, '电视机', '海信T60', '台', 6000.00, 2, 12000.00, 'RK63971515984425819'),
	(6, '中性笔', '齐心', '支', 1.50, 100, 150.00, 'RK63971515984425819'),
	(7, '电视机', '海信T60', '台', 6000.00, 2, 12000.00, 'RK63271516430498908'),
	(8, '中性笔', '齐心', '支', 1.50, 100, 150.00, 'RK63271516430498908'),
	(9, '电视机', '海信T60', '台', 6000.00, 2, 12000.00, 'RK20911516430499389'),
	(10, '中性笔', '齐心', '支', 1.50, 100, 150.00, 'RK20911516430499389'),
	(11, '电视机', '海信T60', '台', 6000.00, 2, 12000.00, 'RK87511516430499561'),
	(12, '中性笔', '齐心', '支', 1.50, 100, 150.00, 'RK87511516430499561'),
	(13, '电视机', '海信T60', '台', 6000.00, 2, 12000.00, 'RK37311516430499723'),
	(14, '中性笔', '齐心', '支', 1.50, 100, 150.00, 'RK37311516430499723'),
	(15, '电视机', '海信T60', '台', 6000.00, 2, 12000.00, 'RK16811516430499884'),
	(16, '中性笔', '齐心', '支', 1.50, 100, 150.00, 'RK16811516430499884'),
	(17, '电视机', '海信T60', '台', 6000.00, 2, 12000.00, 'RK87501516430500044'),
	(18, '中性笔', '齐心', '支', 1.50, 100, 150.00, 'RK87501516430500044'),
	(19, '电视机', '海信T60', '台', 6000.00, 2, 12000.00, 'RK43781516430500204'),
	(20, '中性笔', '齐心', '支', 1.50, 100, 150.00, 'RK43781516430500204'),
	(21, '电视机', '海信T60', '台', 6000.00, 2, 12000.00, 'RK55301516430500367'),
	(22, '中性笔', '齐心', '支', 1.50, 100, 150.00, 'RK55301516430500367'),
	(23, '电视机', '海信T60', '台', 6000.00, 2, 12000.00, 'RK44981516430500514'),
	(24, '中性笔', '齐心', '支', 1.50, 100, 150.00, 'RK44981516430500514'),
	(25, '电视机', '海信T60', '台', 6000.00, 2, 12000.00, 'RK12321516430500686'),
	(26, '中性笔', '齐心', '支', 1.50, 100, 150.00, 'RK12321516430500686'),
	(27, '电视机', '海信T60', '台', 6000.00, 2, 12000.00, 'RK61941516430500837'),
	(28, '中性笔', '齐心', '支', 1.50, 100, 150.00, 'RK61941516430500837'),
	(29, '电视机', '海信T60', '台', 6000.00, 2, 12000.00, 'RK26351516430501155'),
	(30, '中性笔', '齐心', '支', 1.50, 100, 150.00, 'RK26351516430501155'),
	(31, '电视机', '海信T60', '台', 6000.00, 2, 12000.00, 'RK94231516430501313'),
	(32, '中性笔', '齐心', '支', 1.50, 100, 150.00, 'RK94231516430501313'),
	(33, '电视机', '海信T60', '台', 6000.00, 2, 12000.00, 'RK11281516430501491'),
	(34, '中性笔', '齐心', '支', 1.50, 100, 150.00, 'RK11281516430501491'),
	(35, '电视机', '海信T60', '台', 6000.00, 2, 12000.00, 'RK97151516430501637'),
	(36, '中性笔', '齐心', '支', 1.50, 100, 150.00, 'RK97151516430501637'),
	(37, '电视机', '海信T60', '台', 6000.00, 2, 12000.00, 'RK55961516430501790'),
	(38, '中性笔', '齐心', '支', 1.50, 100, 150.00, 'RK55961516430501790'),
	(39, '电视机', '海信T60', '台', 6000.00, 2, 12000.00, 'RK35511516430501964'),
	(40, '中性笔', '齐心', '支', 1.50, 100, 150.00, 'RK35511516430501964'),
	(41, '电视机', '海信T60', '台', 6000.00, 2, 12000.00, 'RK44921516430502102'),
	(42, '中性笔', '齐心', '支', 1.50, 100, 150.00, 'RK44921516430502102'),
	(43, '电视机', '海信T60', '台', 6000.00, 2, 12000.00, 'RK71321516430502266'),
	(44, '中性笔', '齐心', '支', 1.50, 100, 150.00, 'RK71321516430502266'),
	(45, '电视机', '海信T60', '台', 6000.00, 2, 12000.00, 'RK93631516430502518'),
	(46, '中性笔', '齐心', '支', 1.50, 100, 150.00, 'RK93631516430502518'),
	(47, '电视机', '海信T60', '台', 6000.00, 2, 12000.00, 'RK73921516430502699'),
	(48, '中性笔', '齐心', '支', 1.50, 100, 150.00, 'RK73921516430502699'),
	(49, '电视机', '海信T60', '台', 6000.00, 2, 12000.00, 'RK74101516430502883'),
	(50, '中性笔', '齐心', '支', 1.50, 100, 150.00, 'RK74101516430502883'),
	(51, '电视机', '海信T60', '台', 6000.00, 2, 12000.00, 'RK22331516430503060'),
	(52, '中性笔', '齐心', '支', 1.50, 100, 150.00, 'RK22331516430503060'),
	(53, '电视机', '海信T60', '台', 6000.00, 2, 12000.00, 'RK68571516430503215'),
	(54, '中性笔', '齐心', '支', 1.50, 100, 150.00, 'RK68571516430503215'),
	(55, '电视机', '海信T60', '台', 6000.00, 2, 12000.00, 'RK18121516430503524'),
	(56, '中性笔', '齐心', '支', 1.50, 100, 150.00, 'RK18121516430503524'),
	(57, '电视机', '海信T60', '台', 6000.00, 2, 12000.00, 'RK98321516430503693'),
	(58, '中性笔', '齐心', '支', 1.50, 100, 150.00, 'RK98321516430503693'),
	(59, '电视机', '海信T60', '台', 6000.00, 2, 12000.00, 'RK27171516430503874'),
	(60, '中性笔', '齐心', '支', 1.50, 100, 150.00, 'RK27171516430503874'),
	(61, '电视机', '海信T60', '台', 6000.00, 2, 12000.00, 'RK53441516430504066'),
	(62, '中性笔', '齐心', '支', 1.50, 100, 150.00, 'RK53441516430504066'),
	(63, '电视机', '海信T60', '台', 6000.00, 2, 12000.00, 'RK29391516430504221'),
	(64, '中性笔', '齐心', '支', 1.50, 100, 150.00, 'RK29391516430504221'),
	(65, '电视机', '海信T60', '台', 6000.00, 2, 12000.00, 'RK85111516430504381'),
	(66, '中性笔', '齐心', '支', 1.50, 100, 150.00, 'RK85111516430504381'),
	(67, '电视机', '海信T60', '台', 6000.00, 2, 12000.00, 'RK28541516430504627'),
	(68, '中性笔', '齐心', '支', 1.50, 100, 150.00, 'RK28541516430504627'),
	(69, '电视机', '海信T60', '台', 6000.00, 2, 12000.00, 'RK21401516430504796'),
	(70, '中性笔', '齐心', '支', 1.50, 100, 150.00, 'RK21401516430504796'),
	(71, '电视机', '海信T60', '台', 6000.00, 2, 12000.00, 'RK44031516430504982'),
	(72, '中性笔', '齐心', '支', 1.50, 100, 150.00, 'RK44031516430504982'),
	(73, '电视机', '海信T60', '台', 6000.00, 2, 12000.00, 'RK68541516430509653'),
	(74, '中性笔', '齐心', '支', 1.50, 100, 150.00, 'RK68541516430509653'),
	(75, '电视机', '海信T60', '台', 6000.00, 2, 12000.00, 'RK45641516430509835'),
	(76, '中性笔', '齐心', '支', 1.50, 100, 150.00, 'RK45641516430509835'),
	(77, '阿发', '阿发', '台', 4.00, 9, 36.00, 'RK90671516756301415'),
	(78, '萨达', '阿发', '个', 5.00, 7, 35.00, 'RK18291516756352785'),
	(79, '撒打发', '是否', '台', 5.00, 8, 40.00, 'RK18291516756352785'),
	(80, '电机', '萨法', '个', 4.00, 6, 24.00, 'RK14721516774856454'),
	(81, '电视机', '哈哈哈', '加', 67890.00, 6, 407340.00, 'RK26641516777357228'),
	(82, '中对对对', '风飒飒', '个', 56.00, 56, 3136.00, 'RK18061516784564810'),
	(83, '萨法', '放散阀', '个', 54.00, 8, 432.00, 'RK52041516789207170'),
	(84, '啊', 'again', '阿斯钢', 4.00, 6, 24.00, 'RK48491516789248295'),
	(85, '啊', '啊', '阿萨德', 5.00, 7, 35.00, 'RK12671516789264255'),
	(86, '说的', '十多个', '个', 67.00, 6, 402.00, 'RK98671516790570920'),
	(87, '红米', 'DS121312', '个', 990.00, 39, 38610.00, 'RK15541517368247953'),
	(88, '华为', '的飒飒', '个', 1111.00, 4355, 4838405.00, 'RK15541517368247953'),
	(89, '小米', '是范德萨的', '个', 432432.00, 1111, 99999999.99, 'RK15541517368247953'),
	(90, '我去额为', '21321we', '个人', 324.00, 11111, 3599964.00, 'RK15541517368247953'),
	(91, '而我', 'ewer', '1213', 1321321.00, 111111, 99999999.99, 'RK15541517368247953'),
	(92, '人人', '为我', '辆', 113132.00, 222, 25115304.00, 'RK15541517368247953'),
	(93, '车车', '的飒飒', '辆', 1213.00, 21312, 25851456.00, 'RK15541517368247953'),
	(94, '车·', '奥迪', '辆', 21331.00, 111, 2367741.00, 'RK15541517368247953'),
	(95, '企鹅我去我', '安慰我去', '拉大', 99999999.99, 121234, 99999999.99, 'RK15541517368247953'),
	(96, '第三方', '爱的啊', '娃娃', 32432432.00, 213212, 99999999.99, 'RK15541517368247953'),
	(97, '中国移动网上因', '鼎折覆餗', '地方', 4.00, 6, 24.00, 'RK84871517383975182'),
	(98, 'sf5', 'sf', 'f', 5.00, 5, 25.00, 'RK75821517390093585'),
	(99, '等等撒', '发', '是', 56.00, 666, 37296.00, 'RK58531517393881632'),
	(100, '是是是', '是', '是', 45.00, 78, 3510.00, 'RK58531517393881632'),
	(101, '22', '22', '22', 3.00, 3, 9.00, 'RK91291517474345682');
/*!40000 ALTER TABLE `input` ENABLE KEYS */;

-- 导出  表 outofstorage.orders 结构
CREATE TABLE IF NOT EXISTS `orders` (
  `oid` char(19) NOT NULL COMMENT '订单编号',
  `com_cat` char(50) NOT NULL COMMENT '收料单位/物品类别（出库时收料单位）/',
  `onepeople` char(50) NOT NULL COMMENT '经办人',
  `twopeople` char(50) NOT NULL COMMENT '收料人/保管员',
  `threepeople` char(50) NOT NULL COMMENT '负责人',
  `time` datetime NOT NULL COMMENT '时间',
  `type` char(50) NOT NULL COMMENT '0出库/1入库',
  `picture` text COMMENT '图片路径',
  PRIMARY KEY (`oid`),
  KEY `type` (`type`)
) ENGINE=InnoDB DEFAULT CHARSET=utf8 COMMENT='订单表';

-- 正在导出表  outofstorage.orders 的数据：~100 rows (大约)
/*!40000 ALTER TABLE `orders` DISABLE KEYS */;
INSERT INTO `orders` (`oid`, `com_cat`, `onepeople`, `twopeople`, `threepeople`, `time`, `type`, `picture`) VALUES
	('CK11271515984449636', '炊事班', 'onepeople', 'twopeople', 'admin', '2018-01-15 10:47:29', '0', NULL),
	('CK11991517293831034', '肤色', '收到', '电视', 'admin', '2018-01-30 14:30:31', '0', ''),
	('CK18501516430565585', '炊事班', 'onepeople', 'twopeople', 'admin', '2018-01-20 14:42:45', '0', NULL),
	('CK19961516430567939', '炊事班', 'onepeople', 'twopeople', 'admin', '2018-01-20 14:42:47', '0', ''),
	('CK20361516430532033', '炊事班', 'onepeople', 'twopeople', 'admin', '2018-01-20 14:42:12', '0', NULL),
	('CK21741516789159817', 'ewf', 'fdsf', 'ewf', 'admin', '2018-01-24 18:19:19', '0', ''),
	('CK23941516430567383', '炊事班', 'onepeople', 'twopeople', 'admin', '2018-01-20 14:42:47', '0', ''),
	('CK27541516430537147', '炊事班', 'onepeople', 'twopeople', 'admin', '2018-01-20 14:42:17', '0', NULL),
	('CK28721516430535353', '炊事班', 'onepeople', 'twopeople', 'admin', '2018-01-20 14:42:15', '0', NULL),
	('CK30521516430532621', '炊事班', 'onepeople', 'twopeople', 'admin', '2018-01-20 14:42:12', '0', NULL),
	('CK30721516430528938', '炊事班', 'onepeople', 'twopeople', 'admin', '2018-01-20 14:42:08', '0', NULL),
	('CK31321516430568915', '炊事班', 'onepeople', 'twopeople', 'admin', '2018-01-20 14:42:48', '0', ''),
	('CK34601516785716503', 'sadasd', 'afaf', 'afasf', 'admin', '2018-01-24 17:21:56', '0', ''),
	('CK35181516430566009', '炊事班', 'onepeople', 'twopeople', 'admin', '2018-01-20 14:42:46', '0', NULL),
	('CK37091516430528174', '炊事班', 'onepeople', 'twopeople', 'admin', '2018-01-20 14:42:08', '0', NULL),
	('CK37561516430564223', '炊事班', 'onepeople', 'twopeople', 'admin', '2018-01-20 14:42:44', '0', NULL),
	('CK38691516430534869', '炊事班', 'onepeople', 'twopeople', 'admin', '2018-01-20 14:42:14', '0', NULL),
	('CK43971516430532205', '炊事班', 'onepeople', 'twopeople', 'admin', '2018-01-20 14:42:12', '0', NULL),
	('CK46261517393774651', 'sd', 'ds', 'sd', 'admin', '2018-01-31 18:16:14', '0', ''),
	('CK46981516430540624', '炊事班', 'onepeople', 'twopeople', 'admin', '2018-01-20 14:42:20', '0', ''),
	('CK47031516430562914', '炊事班', 'onepeople', 'twopeople', 'admin', '2018-01-20 14:42:42', '0', NULL),
	('CK50541516430538744', '炊事班', 'onepeople', 'twopeople', 'admin', '2018-01-20 14:42:18', '0', ''),
	('CK56461517384388960', '地方', '东方闪电', '第三方的', 'admin', '2018-01-31 15:39:48', '0', ''),
	('CK59401516430568395', '炊事班', 'onepeople', 'twopeople', 'admin', '2018-01-20 14:42:48', '0', ''),
	('CK61181517474294844', '33', '33', '33', 'admin', '2018-02-01 16:38:14', '0', ''),
	('CK62621516430529578', '炊事班', 'onepeople', 'twopeople', 'admin', '2018-01-20 14:42:09', '0', NULL),
	('CK65821516430529189', '炊事班', 'onepeople', 'twopeople', 'admin', '2018-01-20 14:42:09', '0', NULL),
	('CK66101516430564672', '炊事班', 'onepeople', 'twopeople', 'admin', '2018-01-20 14:42:44', '0', NULL),
	('CK67741515984447676', '炊事班', 'onepeople', 'twopeople', 'admin', '2018-01-15 10:47:27', '0', NULL),
	('CK67881516430532794', '炊事班', 'onepeople', 'twopeople', 'admin', '2018-01-20 14:42:12', '0', ''),
	('CK68731516430534719', '炊事班', 'onepeople', 'twopeople', 'admin', '2018-01-20 14:42:14', '0', NULL),
	('CK68891517385819803', 'dfs', '33', 'dsfs', 'admin', '2018-01-31 16:03:39', '0', ''),
	('CK74001516430565138', '炊事班', 'onepeople', 'twopeople', 'admin', '2018-01-20 14:42:45', '0', NULL),
	('CK74461516430536801', '炊事班', 'onepeople', 'twopeople', 'admin', '2018-01-20 14:42:16', '0', NULL),
	('CK77621516430535170', '炊事班', 'onepeople', 'twopeople', 'admin', '2018-01-20 14:42:15', '0', NULL),
	('CK78631516430529406', '炊事班', 'onepeople', 'twopeople', 'admin', '2018-01-20 14:42:09', '0', NULL),
	('CK79321516430566898', '炊事班', 'onepeople', 'twopeople', 'admin', '2018-01-20 14:42:46', '0', NULL),
	('CK80291516430566429', '炊事班', 'onepeople', 'twopeople', 'admin', '2018-01-20 14:42:46', '0', ''),
	('CK80501516430536959', '炊事班', 'onepeople', 'twopeople', 'admin', '2018-01-20 14:42:16', '0', NULL),
	('CK84061517566307082', 'dsf', 'dsf', 'dsf', 'admin', '2018-02-02 18:11:47', '0', ''),
	('CK87261516788934016', 'ss', 'sdfaf', 'dsfds', 'admin', '2018-01-24 18:15:33', '0', ''),
	('CK89361516430528512', '炊事班', 'onepeople', 'twopeople', 'admin', '2018-01-20 14:42:08', '0', NULL),
	('CK90221516430528337', '炊事班', 'onepeople', 'twopeople', 'admin', '2018-01-20 14:42:08', '0', NULL),
	('CK90341515984445132', '炊事班', 'onepeople', 'twopeople', 'admin', '2018-01-15 10:47:25', '0', ''),
	('CK90651516430527908', '炊事班', 'onepeople', 'twopeople', 'admin', '2018-01-20 14:42:07', '0', NULL),
	('CK92101516430532386', '炊事班', 'onepeople', 'twopeople', 'admin', '2018-01-20 14:42:12', '0', NULL),
	('CK94461516430528685', '炊事班', 'onepeople', 'twopeople', 'admin', '2018-01-20 14:42:08', '0', NULL),
	('CK95721516790519563', 'sfdsf', 'sgd', 'sdg', 'admin', '2018-01-24 18:41:59', '0', ''),
	('RK11281516430501491', '1', 'onepeople', 'twopeople', 'admin', '2018-01-20 14:41:41', '1', NULL),
	('RK12321516430500686', '1', 'onepeople', 'twopeople', 'admin', '2018-01-20 14:41:40', '1', NULL),
	('RK12671516789264255', '2', '阿发', '阿发', 'admin', '2018-01-24 18:21:04', '1', ''),
	('RK14721516774856454', '2', '萨达', '阿凡达', 'admin', '2018-01-24 14:20:56', '1', NULL),
	('RK15541517368247953', '1', 'admin', '的实打实的', 'admin', '2018-01-31 11:10:47', '1', ''),
	('RK16811516430499884', '1', 'onepeople', 'twopeople', 'admin', '2018-01-20 14:41:39', '1', NULL),
	('RK18061516784564810', '1', '萨法', '佛挡杀佛', 'admin', '2018-01-24 17:02:44', '1', NULL),
	('RK18121516430503524', '1', 'onepeople', 'twopeople', 'admin', '2018-01-20 14:41:43', '1', NULL),
	('RK18291516756352785', '2', '范甘迪', 'liking', '123456', '2018-01-24 09:12:32', '1', NULL),
	('RK20911516430499389', '1', 'onepeople', 'twopeople', 'admin', '2018-01-20 14:41:39', '1', NULL),
	('RK21401516430504796', '1', 'onepeople', 'twopeople', 'admin', '2018-01-20 14:41:44', '1', NULL),
	('RK22331516430503060', '1', 'onepeople', 'twopeople', 'admin', '2018-01-20 14:41:43', '1', NULL),
	('RK26351516430501155', '1', 'onepeople', 'twopeople', 'admin', '2018-01-20 14:41:41', '1', NULL),
	('RK26641516777357228', '1', '阿发', '大商股份', 'admin', '2018-01-24 15:02:37', '1', NULL),
	('RK27171516430503874', '1', 'onepeople', 'twopeople', 'admin', '2018-01-20 14:41:43', '1', NULL),
	('RK28541516430504627', '1', 'onepeople', 'twopeople', 'admin', '2018-01-20 14:41:44', '1', NULL),
	('RK29391516430504221', '1', 'onepeople', 'twopeople', 'admin', '2018-01-20 14:41:44', '1', NULL),
	('RK35511516430501964', '1', 'onepeople', 'twopeople', 'admin', '2018-01-20 14:41:41', '1', NULL),
	('RK37311516430499723', '1', 'onepeople', 'twopeople', 'admin', '2018-01-20 14:41:39', '1', NULL),
	('RK43781516430500204', '1', 'onepeople', 'twopeople', 'admin', '2018-01-20 14:41:40', '1', NULL),
	('RK44031516430504982', '1', 'onepeople', 'twopeople', 'admin', '2018-01-20 14:41:44', '1', NULL),
	('RK44921516430502102', '1', 'onepeople', 'twopeople', 'admin', '2018-01-20 14:41:42', '1', NULL),
	('RK44981516430500514', '1', 'onepeople', 'twopeople', 'admin', '2018-01-20 14:41:40', '1', NULL),
	('RK45641516430509835', '1', 'onepeople', 'twopeople', 'admin', '2018-01-20 14:41:49', '1', NULL),
	('RK48491516789248295', '1', '十多个', '大', 'admin', '2018-01-24 18:20:48', '1', ''),
	('RK52041516789207170', '1', '按时收费', '对方水电费', 'admin', '2018-01-24 18:20:07', '1', NULL),
	('RK53441516430504066', '1', 'onepeople', 'twopeople', 'admin', '2018-01-20 14:41:44', '1', NULL),
	('RK55301516430500367', '1', 'onepeople', 'twopeople', 'admin', '2018-01-20 14:41:40', '1', NULL),
	('RK55961516430501790', '1', 'onepeople', 'twopeople', 'admin', '2018-01-20 14:41:41', '1', NULL),
	('RK58531517393881632', '1', '收到', '颠三倒四', 'admin', '2018-01-31 18:18:01', '1', ''),
	('RK61941516430500837', '1', 'onepeople', 'twopeople', 'admin', '2018-01-20 14:41:40', '1', NULL),
	('RK63271516430498908', '1', 'onepeople', 'twopeople', 'admin', '2018-01-20 14:41:38', '1', NULL),
	('RK63971515984425819', '1', 'onepeople', 'twopeople', 'admin', '2018-01-15 10:47:05', '1', ''),
	('RK68541516430509653', '1', 'onepeople', 'twopeople', 'admin', '2018-01-20 14:41:49', '1', NULL),
	('RK68571516430503215', '1', 'onepeople', 'twopeople', 'admin', '2018-01-20 14:41:43', '1', NULL),
	('RK71321516430502266', '1', 'onepeople', 'twopeople', 'admin', '2018-01-20 14:41:42', '1', NULL),
	('RK73921516430502699', '1', 'onepeople', 'twopeople', 'admin', '2018-01-20 14:41:42', '1', NULL),
	('RK74101516430502883', '1', 'onepeople', 'twopeople', 'admin', '2018-01-20 14:41:42', '1', NULL),
	('RK75821517390093585', '1', 'fa', 'dsfds', 'admin', '2018-01-31 17:14:53', '1', ''),
	('RK84481515984421403', '1', 'onepeople', 'twopeople', 'admin', '2018-01-15 10:47:01', '1', ''),
	('RK84871517383975182', '1', '电风扇', '发送到', 'admin', '2018-01-31 15:32:55', '1', ''),
	('RK85111516430504381', '1', 'onepeople', 'twopeople', 'admin', '2018-01-20 14:41:44', '1', ''),
	('RK87501516430500044', '1', 'onepeople', 'twopeople', 'admin', '2018-01-20 14:41:40', '1', NULL),
	('RK87511516430499561', '1', 'onepeople', 'twopeople', 'admin', '2018-01-20 14:41:39', '1', NULL),
	('RK88411515984423666', '1', 'onepeople', 'twopeople', 'admin', '2018-01-15 10:47:03', '1', NULL),
	('RK90671516756301415', '1', '阿萨', '家具', '123456', '2018-01-24 09:11:41', '1', NULL),
	('RK91291517474345682', '1', '22', '22', 'admin', '2018-02-01 16:39:05', '1', ''),
	('RK93631516430502518', '1', 'onepeople', 'twopeople', 'admin', '2018-01-20 14:41:42', '1', NULL),
	('RK94231516430501313', '1', 'onepeople', 'twopeople', 'admin', '2018-01-20 14:41:41', '1', NULL),
	('RK97151516430501637', '1', 'onepeople', 'twopeople', 'admin', '2018-01-20 14:41:41', '1', NULL),
	('RK98321516430503693', '1', 'onepeople', 'twopeople', 'admin', '2018-01-20 14:41:43', '1', NULL),
	('RK98671516790570920', '1', '官方', '的深V广东省', 'admin', '2018-01-24 18:42:50', '1', '');
/*!40000 ALTER TABLE `orders` ENABLE KEYS */;

-- 导出  表 outofstorage.output 结构
CREATE TABLE IF NOT EXISTS `output` (
  `sid` int(11) NOT NULL AUTO_INCREMENT COMMENT '商品id',
  `sname` varchar(50) NOT NULL COMMENT '品名',
  `size` varchar(50) NOT NULL COMMENT '规格型号',
  `unit` char(50) NOT NULL COMMENT '单位',
  `price` decimal(10,2) NOT NULL COMMENT '单价',
  `expectednum` int(11) NOT NULL COMMENT '通知数量',
  `actualnum` int(11) NOT NULL COMMENT '实发数量',
  `prices` decimal(10,2) NOT NULL COMMENT '总金额',
  `oid` char(50) NOT NULL COMMENT '订单id',
  PRIMARY KEY (`sid`),
  KEY `sname` (`sname`),
  KEY `oid` (`oid`)
) ENGINE=InnoDB AUTO_INCREMENT=92 DEFAULT CHARSET=utf8 COMMENT='出库表';

-- 正在导出表  outofstorage.output 的数据：~91 rows (大约)
/*!40000 ALTER TABLE `output` DISABLE KEYS */;
INSERT INTO `output` (`sid`, `sname`, `size`, `unit`, `price`, `expectednum`, `actualnum`, `prices`, `oid`) VALUES
	(1, '电视机', '海信T60', '台', 6000.00, 2, 2, 6000.00, 'CK90341515984445132'),
	(2, '中性笔', '齐心', '支', 1.50, 50, 50, 75.00, 'CK90341515984445132'),
	(3, '电视机', '海信T60', '台', 6000.00, 2, 2, 6000.00, 'CK67741515984447676'),
	(4, '中性笔', '齐心', '支', 1.50, 50, 50, 75.00, 'CK67741515984447676'),
	(5, '电视机', '海信T60', '台', 6000.00, 2, 2, 6000.00, 'CK11271515984449636'),
	(6, '中性笔', '齐心', '支', 1.50, 50, 50, 75.00, 'CK11271515984449636'),
	(7, '电视机', '海信T60', '台', 6000.00, 2, 2, 6000.00, 'CK90651516430527908'),
	(8, '中性笔', '齐心', '支', 1.50, 50, 50, 75.00, 'CK90651516430527908'),
	(9, '电视机', '海信T60', '台', 6000.00, 2, 2, 6000.00, 'CK37091516430528174'),
	(10, '中性笔', '齐心', '支', 1.50, 50, 50, 75.00, 'CK37091516430528174'),
	(11, '电视机', '海信T60', '台', 6000.00, 2, 2, 6000.00, 'CK90221516430528337'),
	(12, '中性笔', '齐心', '支', 1.50, 50, 50, 75.00, 'CK90221516430528337'),
	(13, '电视机', '海信T60', '台', 6000.00, 2, 2, 6000.00, 'CK89361516430528512'),
	(14, '中性笔', '齐心', '支', 1.50, 50, 50, 75.00, 'CK89361516430528512'),
	(15, '电视机', '海信T60', '台', 6000.00, 2, 2, 6000.00, 'CK94461516430528685'),
	(16, '中性笔', '齐心', '支', 1.50, 50, 50, 75.00, 'CK94461516430528685'),
	(17, '电视机', '海信T60', '台', 6000.00, 2, 2, 6000.00, 'CK30721516430528938'),
	(18, '中性笔', '齐心', '支', 1.50, 50, 50, 75.00, 'CK30721516430528938'),
	(19, '电视机', '海信T60', '台', 6000.00, 2, 2, 6000.00, 'CK65821516430529189'),
	(20, '中性笔', '齐心', '支', 1.50, 50, 50, 75.00, 'CK65821516430529189'),
	(21, '电视机', '海信T60', '台', 6000.00, 2, 2, 6000.00, 'CK78631516430529406'),
	(22, '中性笔', '齐心', '支', 1.50, 50, 50, 75.00, 'CK78631516430529406'),
	(23, '电视机', '海信T60', '台', 6000.00, 2, 2, 6000.00, 'CK62621516430529578'),
	(24, '中性笔', '齐心', '支', 1.50, 50, 50, 75.00, 'CK62621516430529578'),
	(25, '电视机', '海信T60', '台', 6000.00, 2, 2, 6000.00, 'CK20361516430532033'),
	(26, '中性笔', '齐心', '支', 1.50, 50, 50, 75.00, 'CK20361516430532033'),
	(27, '电视机', '海信T60', '台', 6000.00, 2, 2, 6000.00, 'CK43971516430532205'),
	(28, '中性笔', '齐心', '支', 1.50, 50, 50, 75.00, 'CK43971516430532205'),
	(29, '电视机', '海信T60', '台', 6000.00, 2, 2, 6000.00, 'CK92101516430532386'),
	(30, '中性笔', '齐心', '支', 1.50, 50, 50, 75.00, 'CK92101516430532386'),
	(31, '电视机', '海信T60', '台', 6000.00, 2, 2, 6000.00, 'CK30521516430532621'),
	(32, '中性笔', '齐心', '支', 1.50, 50, 50, 75.00, 'CK30521516430532621'),
	(33, '电视机', '海信T60', '台', 6000.00, 2, 2, 6000.00, 'CK67881516430532794'),
	(34, '中性笔', '齐心', '支', 1.50, 50, 50, 75.00, 'CK67881516430532794'),
	(35, '电视机', '海信T60', '台', 6000.00, 2, 2, 6000.00, 'CK68731516430534719'),
	(36, '中性笔', '齐心', '支', 1.50, 50, 50, 75.00, 'CK68731516430534719'),
	(37, '电视机', '海信T60', '台', 6000.00, 2, 2, 6000.00, 'CK38691516430534869'),
	(38, '中性笔', '齐心', '支', 1.50, 50, 50, 75.00, 'CK38691516430534869'),
	(39, '电视机', '海信T60', '台', 6000.00, 2, 2, 6000.00, 'CK77621516430535170'),
	(40, '中性笔', '齐心', '支', 1.50, 50, 50, 75.00, 'CK77621516430535170'),
	(41, '电视机', '海信T60', '台', 6000.00, 2, 2, 6000.00, 'CK28721516430535353'),
	(42, '中性笔', '齐心', '支', 1.50, 50, 50, 75.00, 'CK28721516430535353'),
	(43, '电视机', '海信T60', '台', 6000.00, 2, 2, 6000.00, 'CK74461516430536801'),
	(44, '中性笔', '齐心', '支', 1.50, 50, 50, 75.00, 'CK74461516430536801'),
	(45, '电视机', '海信T60', '台', 6000.00, 2, 2, 6000.00, 'CK80501516430536959'),
	(46, '中性笔', '齐心', '支', 1.50, 50, 50, 75.00, 'CK80501516430536959'),
	(47, '电视机', '海信T60', '台', 6000.00, 2, 2, 6000.00, 'CK27541516430537147'),
	(48, '中性笔', '齐心', '支', 1.50, 50, 50, 75.00, 'CK27541516430537147'),
	(49, '电视机', '海信T60', '台', 6000.00, 2, 2, 6000.00, 'CK50541516430538744'),
	(50, '中性笔', '齐心', '支', 1.50, 50, 50, 75.00, 'CK50541516430538744'),
	(51, '电视机', '海信T60', '台', 6000.00, 2, 2, 6000.00, 'CK46981516430540624'),
	(52, '中性笔', '齐心', '支', 1.50, 50, 50, 75.00, 'CK46981516430540624'),
	(53, '电视机', '海信T60', '台', 6000.00, 2, 2, 6000.00, 'CK47031516430562914'),
	(54, '中性笔', '齐心', '支', 1.50, 50, 50, 75.00, 'CK47031516430562914'),
	(55, '电视机', '海信T60', '台', 6000.00, 2, 2, 6000.00, 'CK37561516430564223'),
	(56, '中性笔', '齐心', '支', 1.50, 50, 50, 75.00, 'CK37561516430564223'),
	(57, '电视机', '海信T60', '台', 6000.00, 2, 2, 6000.00, 'CK66101516430564672'),
	(58, '中性笔', '齐心', '支', 1.50, 50, 50, 75.00, 'CK66101516430564672'),
	(59, '电视机', '海信T60', '台', 6000.00, 2, 2, 6000.00, 'CK74001516430565138'),
	(60, '中性笔', '齐心', '支', 1.50, 50, 50, 75.00, 'CK74001516430565138'),
	(61, '电视机', '海信T60', '台', 6000.00, 2, 2, 6000.00, 'CK18501516430565585'),
	(62, '中性笔', '齐心', '支', 1.50, 50, 50, 75.00, 'CK18501516430565585'),
	(63, '电视机', '海信T60', '台', 6000.00, 2, 2, 6000.00, 'CK35181516430566009'),
	(64, '中性笔', '齐心', '支', 1.50, 50, 50, 75.00, 'CK35181516430566009'),
	(65, '电视机', '海信T60', '台', 6000.00, 2, 2, 6000.00, 'CK80291516430566429'),
	(66, '中性笔', '齐心', '支', 1.50, 50, 50, 75.00, 'CK80291516430566429'),
	(67, '电视机', '海信T60', '台', 6000.00, 2, 2, 6000.00, 'CK79321516430566898'),
	(68, '中性笔', '齐心', '支', 1.50, 50, 50, 75.00, 'CK79321516430566898'),
	(69, '电视机', '海信T60', '台', 6000.00, 2, 2, 6000.00, 'CK23941516430567383'),
	(70, '中性笔', '齐心', '支', 1.50, 50, 50, 75.00, 'CK23941516430567383'),
	(71, '电视机', '海信T60', '台', 6000.00, 2, 2, 6000.00, 'CK19961516430567939'),
	(72, '中性笔', '齐心', '支', 1.50, 50, 50, 75.00, 'CK19961516430567939'),
	(73, '电视机', '海信T60', '台', 6000.00, 2, 2, 6000.00, 'CK59401516430568395'),
	(74, '中性笔', '齐心', '支', 1.50, 50, 50, 75.00, 'CK59401516430568395'),
	(75, '电视机', '海信T60', '台', 6000.00, 2, 2, 6000.00, 'CK31321516430568915'),
	(76, '中性笔', '齐心', '支', 1.50, 50, 50, 75.00, 'CK31321516430568915'),
	(77, '撒打发', '是否', '台', 5.00, 4, 4, 20.00, 'CK34601516785716503'),
	(78, '中性笔', '齐心', '支', 1.50, 45, 6, 9.00, 'CK87261516788934016'),
	(79, '撒打发', '是否', '台', 5.00, 4, 4, 20.00, 'CK21741516789159817'),
	(80, '中性笔', '齐心', '支', 1.50, 5, 5, 7.50, 'CK95721516790519563'),
	(81, '中性笔', '齐心', '支', 1.50, 5, 5, 7.50, 'CK11991517293831034'),
	(82, '中性笔', '齐心', '支', 1.50, 67, 66, 99.00, 'CK11991517293831034'),
	(83, '中对对对', '风飒飒', '个', 56.00, 56, 56, 3136.00, 'CK11991517293831034'),
	(84, '电机', '萨法', '个', 4.00, 4, 4, 16.00, 'CK11991517293831034'),
	(85, '中性笔', '齐心', '支', 1.50, 5, 5, 7.50, 'CK11991517293831034'),
	(86, '中性笔', '齐心', '支', 1.50, 67, 67, 100.50, 'CK11991517293831034'),
	(87, '中国移动网上因', '鼎折覆餗', '地方', 4.00, 4, 4, 16.00, 'CK56461517384388960'),
	(88, '中国移动网上因', '鼎折覆餗', '地方', 4.00, 2, 2, 8.00, 'CK68891517385819803'),
	(89, '电机', '萨法', '个', 4.00, 2, 2, 8.00, 'CK46261517393774651'),
	(90, '华为', '的飒飒', '个', 1111.00, 33, 33, 36663.00, 'CK61181517474294844'),
	(91, '中性笔', '齐心', '支', 1.50, 55, 44, 66.00, 'CK84061517566307082');
/*!40000 ALTER TABLE `output` ENABLE KEYS */;

-- 导出  表 outofstorage.user 结构
CREATE TABLE IF NOT EXISTS `user` (
  `uid` int(11) NOT NULL AUTO_INCREMENT COMMENT '用户id',
  `loginname` char(50) NOT NULL COMMENT '登录账号',
  `username` char(50) NOT NULL COMMENT '用户名称',
  `password` char(50) NOT NULL COMMENT '密码',
  `state` char(50) NOT NULL COMMENT '权限(0为普通/1为超级管理员)',
  PRIMARY KEY (`uid`),
  UNIQUE KEY `loginname` (`loginname`)
) ENGINE=InnoDB AUTO_INCREMENT=36 DEFAULT CHARSET=utf8 COMMENT='用户表';

-- 正在导出表  outofstorage.user 的数据：~2 rows (大约)
/*!40000 ALTER TABLE `user` DISABLE KEYS */;
INSERT INTO `user` (`uid`, `loginname`, `username`, `password`, `state`) VALUES
	(24, 'admin', 'admin', 'c4096e4bbc70fdaac457d9ee9cc93e98', '2'),
	(35, '123456', '123456', 'e5b8545c27e2fdb9b2032c724b0d2a83', '1');
/*!40000 ALTER TABLE `user` ENABLE KEYS */;

/*!40101 SET SQL_MODE=IFNULL(@OLD_SQL_MODE, '') */;
/*!40014 SET FOREIGN_KEY_CHECKS=IF(@OLD_FOREIGN_KEY_CHECKS IS NULL, 1, @OLD_FOREIGN_KEY_CHECKS) */;
/*!40101 SET CHARACTER_SET_CLIENT=@OLD_CHARACTER_SET_CLIENT */;
